{
  "last_plan": {
    "chosen": [
      "SOL/USD",
      "AVAX/USD",
      "LINK/USD"
    ],
    "weights": {
      "BTC/USD": 0.0,
      "ETH/USD": 0.0,
      "SOL/USD": 0.27181431265887723,
      "LINK/USD": 0.2538090484204339,
      "AVAX/USD": 0.22437663892068888,
      "APT/USD": 0.0,
      "ARB/USD": 0.0
    },
    "regime": "chop",
    "ts": 1757819591
  },
  "equity_history": [
    [
      1757433112,
      992.5713322979495
    ],
    [
      1757433809,
      989.9198478869837
    ],
    [
      1757437695,
      989.6828274756149
    ],
    [
      1757438112,
      0.0
    ],
    [
      1757438195,
      0.0
    ],
    [
      1757438895,
      0.0
    ],
    [
      1757438978,
      0.0
    ],
    [
      1757440149,
      0.0
    ],
    [
      1757440232,
      0.0
    ],
    [
      1757440419,
      1055.61
    ],
    [
      1757440503,
      789.5962273255581
    ],
    [
      1757448148,
      791.0000588040389
    ],
    [
      1757448233,
      591.8469723952446
    ],
    [
      1757466419,
      590.7738249197133
    ],
    [
      1757466504,
      442.1327227819749
    ],
    [
      1757473441,
      444.4401683367655
    ],
    [
      1757473526,
      332.761000085345
    ],
    [
      1757493982,
      333.4669784452261
    ],
    [
      1757494068,
      249.679629437644
    ],
    [
      1757522712,
      250.007709720268
    ],
    [
      1757522797,
      187.16486044810762
    ],
    [
      1757530991,
      187.22590365962918
    ],
    [
      1757531076,
      124.8901980838244
    ],
    [
      1757532544,
      124.42309872995361
    ],
    [
      1757532629,
      83.27099629845739
    ],
    [
      1757533479,
      83.16122310379998
    ],
    [
      1757533566,
      56.85761009287749
    ],
    [
      1757560255,
      57.41149871607
    ],
    [
      1757560344,
      41.309608760095
    ],
    [
      1757580266,
      41.396005211258
    ],
    [
      1757580356,
      41.396005211258
    ],
    [
      1757608832,
      41.268624956744
    ],
    [
      1757608921,
      41.270116606923
    ],
    [
      1757646266,
      41.632460675057004
    ],
    [
      1757646354,
      41.573034088549
    ],
    [
      1757666594,
      41.395779113784
    ],
    [
      1757666681,
      30.287758972199
    ],
    [
      1757695185,
      30.274693258471
    ],
    [
      1757695272,
      30.269175164478
    ],
    [
      1757731327,
      30.647090366642
    ],
    [
      1757731414,
      30.685855385242
    ],
    [
      1757752638,
      31.791821875189
    ],
    [
      1757752725,
      31.76137260526
    ],
    [
      1757781397,
      31.365636517277
    ],
    [
      1757781484,
      31.361848957743
    ],
    [
      1757819617,
      9.636242664188
    ],
    [
      1757819704,
      9.634431776141
    ]
  ]
}