{
  "last_plan": {
    "chosen": [
      "AVAX/USD",
      "SOL/USD",
      "LINK/USD"
    ],
    "weights": {
      "BTC/USD": 0.0,
      "ETH/USD": 0.12339564887348836,
      "SOL/USD": 0.18998651413171538,
      "LINK/USD": 0.24663132286308084,
      "AVAX/USD": 0.18998651413171538,
      "APT/USD": 0.0,
      "ARB/USD": 0.0
    },
    "regime": "chop",
    "ts": 1757533455
  },
  "equity_history": [
    [
      1757433112,
      992.5713322979495
    ],
    [
      1757433809,
      989.9198478869837
    ],
    [
      1757437695,
      989.6828274756149
    ],
    [
      1757438112,
      0.0
    ],
    [
      1757438195,
      0.0
    ],
    [
      1757438895,
      0.0
    ],
    [
      1757438978,
      0.0
    ],
    [
      1757440149,
      0.0
    ],
    [
      1757440232,
      0.0
    ],
    [
      1757440419,
      1055.61
    ],
    [
      1757440503,
      789.5962273255581
    ],
    [
      1757448148,
      791.0000588040389
    ],
    [
      1757448233,
      591.8469723952446
    ],
    [
      1757466419,
      590.7738249197133
    ],
    [
      1757466504,
      442.1327227819749
    ],
    [
      1757473441,
      444.4401683367655
    ],
    [
      1757473526,
      332.761000085345
    ],
    [
      1757493982,
      333.4669784452261
    ],
    [
      1757494068,
      249.679629437644
    ],
    [
      1757522712,
      250.007709720268
    ],
    [
      1757522797,
      187.16486044810762
    ],
    [
      1757530991,
      187.22590365962918
    ],
    [
      1757531076,
      124.8901980838244
    ],
    [
      1757532544,
      124.42309872995361
    ],
    [
      1757532629,
      83.27099629845739
    ],
    [
      1757533479,
      83.16122310379998
    ],
    [
      1757533566,
      56.85761009287749
    ]
  ]
}