{
  "last_plan": {
    "chosen": [
      "ETH/USD",
      "LINK/USD"
    ],
    "weights": {
      "BTC/USD": 0.0,
      "ETH/USD": 0.25,
      "SOL/USD": 0.0,
      "LINK/USD": 0.25,
      "AVAX/USD": 0.0,
      "APT/USD": 0.0,
      "ARB/USD": 0.0
    },
    "ts": 1757438871
  },
  "equity_history": [
    [
      1757433112,
      992.5713322979495
    ],
    [
      1757433809,
      989.9198478869837
    ],
    [
      1757437695,
      989.6828274756149
    ],
    [
      1757438112,
      0.0
    ],
    [
      1757438195,
      0.0
    ],
    [
      1757438895,
      0.0
    ],
    [
      1757438978,
      0.0
    ]
  ]
}