{
  "last_plan": {
    "chosen": [
      "AVAX/USD",
      "SOL/USD",
      "ETH/USD"
    ],
    "weights": {
      "BTC/USD": 0.0,
      "ETH/USD": 0.33149834423467145,
      "SOL/USD": 0.2406235860196786,
      "LINK/USD": 0.0,
      "AVAX/USD": 0.17787806974564999,
      "APT/USD": 0.0,
      "ARB/USD": 0.0
    },
    "regime": "chop",
    "ts": 1758213793
  },
  "equity_history": [
    [
      1757433112,
      992.5713322979495
    ],
    [
      1757433809,
      989.9198478869837
    ],
    [
      1757437695,
      989.6828274756149
    ],
    [
      1757438112,
      0.0
    ],
    [
      1757438195,
      0.0
    ],
    [
      1757438895,
      0.0
    ],
    [
      1757438978,
      0.0
    ],
    [
      1757440149,
      0.0
    ],
    [
      1757440232,
      0.0
    ],
    [
      1757440419,
      1055.61
    ],
    [
      1757440503,
      789.5962273255581
    ],
    [
      1757448148,
      791.0000588040389
    ],
    [
      1757448233,
      591.8469723952446
    ],
    [
      1757466419,
      590.7738249197133
    ],
    [
      1757466504,
      442.1327227819749
    ],
    [
      1757473441,
      444.4401683367655
    ],
    [
      1757473526,
      332.761000085345
    ],
    [
      1757493982,
      333.4669784452261
    ],
    [
      1757494068,
      249.679629437644
    ],
    [
      1757522712,
      250.007709720268
    ],
    [
      1757522797,
      187.16486044810762
    ],
    [
      1757530991,
      187.22590365962918
    ],
    [
      1757531076,
      124.8901980838244
    ],
    [
      1757532544,
      124.42309872995361
    ],
    [
      1757532629,
      83.27099629845739
    ],
    [
      1757533479,
      83.16122310379998
    ],
    [
      1757533566,
      56.85761009287749
    ],
    [
      1757560255,
      57.41149871607
    ],
    [
      1757560344,
      41.309608760095
    ],
    [
      1757580266,
      41.396005211258
    ],
    [
      1757580356,
      41.396005211258
    ],
    [
      1757608832,
      41.268624956744
    ],
    [
      1757608921,
      41.270116606923
    ],
    [
      1757646266,
      41.632460675057004
    ],
    [
      1757646354,
      41.573034088549
    ],
    [
      1757666594,
      41.395779113784
    ],
    [
      1757666681,
      30.287758972199
    ],
    [
      1757695185,
      30.274693258471
    ],
    [
      1757695272,
      30.269175164478
    ],
    [
      1757731327,
      30.647090366642
    ],
    [
      1757731414,
      30.685855385242
    ],
    [
      1757752638,
      31.791821875189
    ],
    [
      1757752725,
      31.76137260526
    ],
    [
      1757781397,
      31.365636517277
    ],
    [
      1757781484,
      31.361848957743
    ],
    [
      1757819617,
      9.636242664188
    ],
    [
      1757819704,
      9.634431776141
    ],
    [
      1757839074,
      9.627520263284
    ],
    [
      1757839161,
      9.626718796382999
    ],
    [
      1757867741,
      9.43518385926
    ],
    [
      1757867828,
      9.44202100386
    ],
    [
      1757906350,
      9.488495136624
    ],
    [
      1757906437,
      9.489025700968
    ],
    [
      1757926063,
      9.144581288926
    ],
    [
      1757926150,
      9.111977614716
    ],
    [
      1757954765,
      48.410298652424
    ],
    [
      1757954852,
      20.987840818716002
    ],
    [
      1757992008,
      0.007322737383
    ],
    [
      1757992095,
      0.0073226004
    ],
    [
      1758012530,
      0.00732929162
    ],
    [
      1758012617,
      0.007329606236
    ],
    [
      1758041098,
      0.007324694996
    ],
    [
      1758041185,
      0.007324839596
    ],
    [
      1758078348,
      0.007325647077
    ],
    [
      1758078435,
      0.0073255988769999995
    ],
    [
      1758098775,
      0.007324612361
    ],
    [
      1758098862,
      0.007325042783
    ],
    [
      1758127485,
      0.007319604926
    ],
    [
      1758127572,
      0.007319650589
    ],
    [
      1758164832,
      0.007343535856
    ],
    [
      1758164919,
      0.007343589683
    ],
    [
      1758185150,
      0.007344061077
    ],
    [
      1758185237,
      0.0073440898
    ],
    [
      1758213818,
      0.007348378857
    ],
    [
      1758213905,
      0.007348352987
    ]
  ]
}