{
  "last_plan": {
    "chosen": [
      "ETH/USD",
      "LINK/USD"
    ],
    "weights": {
      "BTC/USD": 0.0,
      "ETH/USD": 0.25,
      "SOL/USD": 0.0,
      "LINK/USD": 0.25,
      "AVAX/USD": 0.0,
      "APT/USD": 0.0,
      "ARB/USD": 0.0
    },
    "ts": 1757473416
  },
  "equity_history": [
    [
      1757433112,
      992.5713322979495
    ],
    [
      1757433809,
      989.9198478869837
    ],
    [
      1757437695,
      989.6828274756149
    ],
    [
      1757438112,
      0.0
    ],
    [
      1757438195,
      0.0
    ],
    [
      1757438895,
      0.0
    ],
    [
      1757438978,
      0.0
    ],
    [
      1757440149,
      0.0
    ],
    [
      1757440232,
      0.0
    ],
    [
      1757440419,
      1055.61
    ],
    [
      1757440503,
      789.5962273255581
    ],
    [
      1757448148,
      791.0000588040389
    ],
    [
      1757448233,
      591.8469723952446
    ],
    [
      1757466419,
      590.7738249197133
    ],
    [
      1757466504,
      442.1327227819749
    ],
    [
      1757473441,
      444.4401683367655
    ],
    [
      1757473526,
      332.761000085345
    ]
  ]
}